,px,normal duck egg,all
0,0.0,0.5812986073431,0.6584621796527383
1,0.001001001001001001,0.5812986073431,0.662392655183251
2,0.002002002002002002,0.6459430220833408,0.6663722917061811
3,0.003003003003003003,0.6745042630892352,0.6703738562839349
4,0.004004004004004004,0.6936149384807719,0.6744189195420082
5,0.005005005005005005,0.7032365066700371,0.6784804359105358
6,0.006006006006006006,0.715486716075739,0.68256220904424
7,0.007007007007007007,0.7258748860867681,0.686674194010723
8,0.008008008008008008,0.7310703802845331,0.6908053970871537
9,0.009009009009009009,0.7387051434378475,0.6949571858578059
10,0.01001001001001001,0.7421481396146292,0.6991274422831391
11,0.011011011011011011,0.7465107691412592,0.7033140450706084
12,0.012012012012012012,0.7515216948879165,0.707518236693593
13,0.013013013013013013,0.755942587814596,0.7117406923840017
14,0.014014014014014014,0.7583112816726106,0.7159896364072801
15,0.015015015015015015,0.7618368544513094,0.7202662173024419
16,0.016016016016016016,0.7640814656012616,0.7245592193378976
17,0.017017017017017015,0.7674147344745262,0.7288649540341098
18,0.018018018018018018,0.7693498538569324,0.7331723074751779
19,0.01901901901901902,0.772698673803764,0.7374956526780412
20,0.02002002002002002,0.7754185777082897,0.7418278493726594
21,0.02102102102102102,0.7764133996944028,0.7461680471998497
22,0.022022022022022022,0.7778625668985902,0.7505217666542447
23,0.023023023023023025,0.7789839845174196,0.7548916019407158
24,0.024024024024024024,0.7797114621341776,0.7592592280126225
25,0.025025025025025023,0.7798668615460045,0.7636230471602377
26,0.026026026026026026,0.7817528593992457,0.767998177158227
27,0.02702702702702703,0.7842600700125261,0.7723726096853719
28,0.028028028028028028,0.7853784008085458,0.7754849034909919
29,0.029029029029029027,0.7875968335048348,0.7780446934047954
30,0.03003003003003003,0.7884359421380064,0.7802305567028249
31,0.031031031031031032,0.7894690371620213,0.7822319029981817
32,0.03203203203203203,0.7910098406337304,0.7839963666656802
33,0.03303303303303303,0.7919899642410644,0.7855763354082583
34,0.03403403403403403,0.7930398346463592,0.7870707446124177
35,0.035035035035035036,0.7939816850350943,0.7884222090158061
36,0.036036036036036036,0.7948153495040323,0.7897122429746787
37,0.037037037037037035,0.795712380115322,0.7909194206395116
38,0.03803803803803804,0.7966438475539457,0.7920349369489947
39,0.03903903903903904,0.7979947525303004,0.7930660397665515
40,0.04004004004004004,0.7994042329963497,0.7940501266789198
41,0.04104104104104104,0.8002417111513352,0.7949720328401488
42,0.04204204204204204,0.8008910768499249,0.7958672043928317
43,0.043043043043043044,0.8009736328375764,0.7967115765623372
44,0.044044044044044044,0.8017892126891266,0.7975264450552629
45,0.04504504504504504,0.802240638768627,0.7982909435752336
46,0.04604604604604605,0.802648696529801,0.7990111445091794
47,0.04704704704704705,0.8033382995172459,0.7997215134300766
48,0.04804804804804805,0.8041602069531241,0.8004074150168216
49,0.04904904904904905,0.8040475370103437,0.8010786025010096
50,0.050050050050050046,0.803853383871474,0.8017386896466986
51,0.05105105105105105,0.8044302372405601,0.8024088378768569
52,0.05205205205205205,0.8043946662274887,0.8030461399259509
53,0.05305305305305305,0.8046700061699545,0.8036281066862194
54,0.05405405405405406,0.8050535486932173,0.8041810096818119
55,0.055055055055055056,0.8050939666802811,0.8046945247127826
56,0.056056056056056056,0.8053051677332302,0.8051952674928992
57,0.057057057057057055,0.805474363118158,0.8056794359965926
58,0.058058058058058054,0.8064532919582635,0.8061377497389987
59,0.05905905905905906,0.8072852496966558,0.8065931473391214
60,0.06006006006006006,0.8076298280106505,0.8070336761780854
61,0.06106106106106106,0.8079398715171355,0.8074648520910493
62,0.062062062062062065,0.8080768300477367,0.8078746919891667
63,0.06306306306306306,0.8084130266715571,0.8082725775135527
64,0.06406406406406406,0.8085288315099941,0.8086376045239521
65,0.06506506506506507,0.8084997142033956,0.8089785576800768
66,0.06606606606606606,0.8088540686739879,0.8093035391624247
67,0.06706706706706707,0.8097352147880825,0.8096182364973507
68,0.06806806806806806,0.8104777151193008,0.8099320416847116
69,0.06906906906906907,0.8109081469961489,0.8102535580245532
70,0.07007007007007007,0.811688098322267,0.8105714840500471
71,0.07107107107107107,0.8121488253395336,0.8108902565241684
72,0.07207207207207207,0.8126422146601578,0.8112033801921743
73,0.07307307307307308,0.8128435478225835,0.811517246001703
74,0.07407407407407407,0.813214546211009,0.8118230550315236
75,0.07507507507507508,0.8133759065643154,0.8121333069738297
76,0.07607607607607608,0.8140444212840809,0.8124642938553402
77,0.07707707707707707,0.81425526390304,0.8127923863397724
78,0.07807807807807808,0.8139403747862215,0.8131236199034932
79,0.07907907907907907,0.8135764535837631,0.8134496173298762
80,0.08008008008008008,0.8137861000843344,0.813750706464525
81,0.08108108108108109,0.8139738239239522,0.8140608804694248
82,0.08208208208208208,0.8141616308503952,0.8143766191253995
83,0.08308308308308308,0.8143838414964294,0.8146988821518218
84,0.08408408408408408,0.8152152418473215,0.8150040077475892
85,0.08508508508508508,0.8155068054335309,0.8152949362445878
86,0.08608608608608609,0.8159716565962492,0.8155907015223198
87,0.08708708708708708,0.8157171843080205,0.8158858902103671
88,0.08808808808808809,0.8160045418590013,0.8161869504923447
89,0.0890890890890891,0.8152602250843134,0.816487527809867
90,0.09009009009009009,0.8153833634926629,0.8167914781435325
91,0.09109109109109109,0.8159782885960962,0.8171175496307506
92,0.0920920920920921,0.8162912752325652,0.8174439227373782
93,0.09309309309309309,0.8168951414053299,0.8177505613769477
94,0.0940940940940941,0.817370966169495,0.8180488789455839
95,0.09509509509509509,0.8180034399893152,0.8183454510638587
96,0.0960960960960961,0.8184980349488147,0.8186288715494715
97,0.0970970970970971,0.8186180035981041,0.8189055544240235
98,0.0980980980980981,0.8193454558032147,0.819175075088082
99,0.0990990990990991,0.8197564674739711,0.819449819767908
100,0.10010010010010009,0.8198703860679587,0.819715359647242
101,0.1011011011011011,0.8207337148285075,0.8199733321669085
102,0.1021021021021021,0.8211629539465938,0.8202226335220246
103,0.1031031031031031,0.8212875779772555,0.820470083005282
104,0.1041041041041041,0.8212958749154892,0.8207254932972129
105,0.10510510510510511,0.820409094560305,0.8209980855059498
106,0.1061061061061061,0.8209128409301716,0.8212679790411559
107,0.10710710710710711,0.8214078391879311,0.8215325273573303
108,0.10810810810810811,0.8219097774656975,0.8217952247263096
109,0.1091091091091091,0.8220146973424043,0.8220570595445349
110,0.11011011011011011,0.8221226030435852,0.8222999529808964
111,0.1111111111111111,0.8227138571749834,0.8225388755252171
112,0.11211211211211211,0.8229944946075453,0.8227712943642256
113,0.11311311311311312,0.8234309044285999,0.8230062215590114
114,0.11411411411411411,0.8237424698651928,0.823241234108934
115,0.11511511511511512,0.8240302985269328,0.8234918694299536
116,0.11611611611611611,0.825129360051515,0.8237376131074576
117,0.11711711711711711,0.8254990971120014,0.8239692141043008
118,0.11811811811811812,0.8253737854061205,0.8241973628703184
119,0.11911911911911911,0.8256919111197522,0.8244228668886522
120,0.12012012012012012,0.8260333250281624,0.8246482192558965
121,0.12112112112112113,0.8261425430885171,0.8248624866805382
122,0.12212212212212212,0.8262596519416903,0.8250683724895418
123,0.12312312312312312,0.826387768527141,0.8252732221167693
124,0.12412412412412413,0.8268555264937066,0.8254595493233758
125,0.12512512512512514,0.82675708005704,0.8256404510398698
126,0.12612612612612611,0.8265325050673124,0.8258298861260355
127,0.12712712712712712,0.8267587903950065,0.8260056211581668
128,0.12812812812812813,0.8268751875491656,0.8261739664037508
129,0.12912912912912913,0.8269662996746957,0.8263408945978804
130,0.13013013013013014,0.8274786562293478,0.8265086865541952
131,0.13113113113113112,0.8275506703798462,0.8266948926981367
132,0.13213213213213212,0.8274657880488502,0.8268897103946923
133,0.13313313313313313,0.827559196668332,0.827078939631768
134,0.13413413413413414,0.8277374172259182,0.8272535312587432
135,0.13513513513513514,0.8276028071017563,0.8274326365873091
136,0.13613613613613612,0.8276918551938814,0.8276177661668662
137,0.13713713713713713,0.82782501738568,0.8278005996302693
138,0.13813813813813813,0.8276984712420987,0.8279820213898147
139,0.13913913913913914,0.8279901819050645,0.8281587715299111
140,0.14014014014014015,0.8280426264563113,0.8283287267120892
141,0.14114114114114115,0.8279162910453639,0.8284953019283606
142,0.14214214214214213,0.8277899394350984,0.8286485179740692
143,0.14314314314314314,0.8279268622994574,0.8287959722894105
144,0.14414414414414414,0.8283958463403593,0.8289470868686333
145,0.14514514514514515,0.8288639368989557,0.8290931667087454
146,0.14614614614614616,0.8289310786460414,0.8292341981927898
147,0.14714714714714713,0.8289982112079978,0.8293767378425223
148,0.14814814814814814,0.8290653345867091,0.8295117550386942
149,0.14914914914914915,0.8288481433401524,0.8296507732708314
150,0.15015015015015015,0.8289824550151579,0.829784971953331
151,0.15115115115115116,0.8295315754624136,0.8299242880217923
152,0.15215215215215216,0.8296962014671995,0.8300699757440427
153,0.15315315315315314,0.8297485614713795,0.8302138983547392
154,0.15415415415415415,0.8298009158778622,0.830352909393615
155,0.15515515515515516,0.8298532646875452,0.8304932787990139
156,0.15615615615615616,0.8299056079013254,0.8306329380123558
157,0.15715715715715717,0.8308485434545102,0.830766085017602
158,0.15815815815815815,0.8310585302787891,0.8309028698092202
159,0.15915915915915915,0.8308139504414284,0.8310397960762401
160,0.16016016016016016,0.8311490690992636,0.8311763312235793
161,0.16116116116116116,0.831564211600994,0.8313147605477111
162,0.16216216216216217,0.832038363808547,0.8314477109711644
163,0.16316316316316315,0.83224700434436,0.8315782130987134
164,0.16416416416416416,0.8324451615735196,0.8317074415101056
165,0.16516516516516516,0.8324101841562749,0.8318329273248524
166,0.16616616616616617,0.8325256345567693,0.8319593616222593
167,0.16716716716716717,0.8329433783826555,0.8320918662476112
168,0.16816816816816815,0.8330192671944009,0.8322265721241316
169,0.16916916916916916,0.833080628946484,0.8323693322764023
170,0.17017017017017017,0.8331419829654726,0.8324953959322421
171,0.17117117117117117,0.8332259307144259,0.8326238700336377
172,0.17217217217217218,0.8334120652248681,0.8327526687377647
173,0.17317317317317318,0.8331455289464657,0.8328817919387346
174,0.17417417417417416,0.8334776983661363,0.8330160595598398
175,0.17517517517517517,0.8336996593011915,0.8331566849923779
176,0.17617617617617617,0.8338621995485649,0.8332952439047472
177,0.17717717717717718,0.8339625789020925,0.8334195273751985
178,0.1781781781781782,0.8340988435405238,0.8335189448198499
179,0.17917917917917917,0.8339647505318337,0.8336120610832708
180,0.18018018018018017,0.8341251393500385,0.8337066496131681
181,0.18118118118118118,0.8346012761097803,0.8338045955767454
182,0.18218218218218218,0.8343411676473996,0.8339050358915561
183,0.1831831831831832,0.8344418124213803,0.8339901627534982
184,0.1841841841841842,0.8345424362863404,0.8340761144425819
185,0.18518518518518517,0.8347007097402199,0.8341692287254183
186,0.18618618618618618,0.8346627026324801,0.8342575358289092
187,0.1871871871871872,0.8344723267899975,0.8343385450388769
188,0.1881881881881882,0.8344806258906798,0.8344110992264565
189,0.1891891891891892,0.8342891202230985,0.834480404427059
190,0.19019019019019018,0.8343899584571475,0.8345466661199274
191,0.19119119119119118,0.8344907756240714,0.8346144554968598
192,0.1921921921921922,0.834674026938314,0.8346826385744259
193,0.1931931931931932,0.8346599391376411,0.8347388586761438
194,0.1941941941941942,0.8352076300652481,0.8347936863858849
195,0.19519519519519518,0.8348250927882008,0.8348481730601058
196,0.1961961961961962,0.8354161160701297,0.834902318770872
197,0.1971971971971972,0.835499812556513,0.8349556804243176
198,0.1981981981981982,0.835583494457462,0.8350062542789108
199,0.1991991991991992,0.8359129832630832,0.8350665457763105
200,0.20020020020020018,0.836020040399594,0.8351176821867853
201,0.2012012012012012,0.8360489595459835,0.835161824075038
202,0.2022022022022022,0.8358700324554386,0.8352069521751978
203,0.2032032032032032,0.8347664911444205,0.8352521117526279
204,0.2042042042042042,0.8344974909058439,0.8352965987455679
205,0.20520520520520522,0.8346249309026227,0.8353399082130591
206,0.2062062062062062,0.8348485088299864,0.8353721159933708
207,0.2072072072072072,0.8350280639566744,0.835397223336991
208,0.2082082082082082,0.8351900134135655,0.8354301717384656
209,0.2092092092092092,0.8354420664220522,0.8354641666384856
210,0.21021021021021022,0.8355627788660882,0.8354932470564408
211,0.2112112112112112,0.8356527313772986,0.8355158384574937
212,0.2122122122122122,0.8356956813093473,0.8355364054934652
213,0.2132132132132132,0.8357386273751017,0.8355681926963122
214,0.21421421421421422,0.8357815695750838,0.8355991121685918
215,0.21521521521521522,0.8358245079098151,0.8356370561630986
216,0.21621621621621623,0.8358674423798177,0.8356752652586283
217,0.2172172172172172,0.8360029715126444,0.8357119703453302
218,0.2182182182182182,0.8358106035702682,0.8357431172101754
219,0.21921921921921922,0.8358154803911988,0.8357725750322517
220,0.22022022022022023,0.8358594493317503,0.8357833087487826
221,0.22122122122122123,0.8359034142145482,0.8358031322665063
222,0.2222222222222222,0.8359473750401539,0.8358129558896541
223,0.22322322322322322,0.8359913318091293,0.8358239427405888
224,0.22422422422422422,0.8362203953138423,0.8358401694215812
225,0.22522522522522523,0.8360856553003521,0.8358544768215023
226,0.22622622622622623,0.8359508956020794,0.8358741040545418
227,0.2272272272272272,0.8361637326567164,0.8358966249801993
228,0.22822822822822822,0.8362657173510251,0.8359236613247144
229,0.22922922922922923,0.8363676801804609,0.8359733426688546
230,0.23023023023023023,0.8361735333738847,0.8360293053523679
231,0.23123123123123124,0.8357677361459386,0.8360837759275119
232,0.23223223223223222,0.8358817506344086,0.8361421042704172
233,0.23323323323323322,0.8360215361225957,0.8361967939111545
234,0.23423423423423423,0.8361755523224069,0.8362464096346586
235,0.23523523523523523,0.8360255376020604,0.8362891845015855
236,0.23623623623623624,0.8358528711939145,0.8363222073108257
237,0.23723723723723725,0.8357116214670303,0.836355208316316
238,0.23823823823823823,0.836093474135194,0.8363891088077776
239,0.23923923923923923,0.8360575189769359,0.8364266599400523
240,0.24024024024024024,0.8362242639429436,0.836472883458265
241,0.24124124124124124,0.836338622329167,0.8365207025106748
242,0.24224224224224225,0.8363627350458629,0.8365695999772013
243,0.24324324324324323,0.8362625170454147,0.8366162069292242
244,0.24424424424424424,0.8361622880635355,0.8366650200490309
245,0.24524524524524524,0.8357550496083357,0.8367121716534074
246,0.24624624624624625,0.8358360921920999,0.8367568950913264
247,0.24724724724724725,0.8359171208506643,0.8368002342783782
248,0.24824824824824826,0.8360601419541847,0.8368446328735418
249,0.24924924924924924,0.8364110551880751,0.836890090554634
250,0.2502502502502503,0.8366426606590555,0.8369323588957018
251,0.25125125125125125,0.8370210292846069,0.8369784707358154
252,0.25225225225225223,0.8371975267545244,0.8370284263038013
253,0.25325325325325326,0.8372488860257097,0.8370754098199343
254,0.25425425425425424,0.8373002396955685,0.8371347550470466
255,0.2552552552552553,0.8373515877650177,0.8371931152367822
256,0.25625625625625625,0.8374029302349728,0.8372562963483515
257,0.25725725725725723,0.837823254318163,0.8373284482779509
258,0.25825825825825827,0.8378172356342686,0.8373993785269374
259,0.25925925925925924,0.8377204153122735,0.8374755395307535
260,0.2602602602602603,0.8376235846353278,0.8375572210838267
261,0.26126126126126126,0.8372469421373518,0.837638659949059
262,0.26226226226226224,0.8373357826572964,0.8377273483759269
263,0.26326326326326327,0.8374246063738822,0.8378189961586976
264,0.26426426426426425,0.8376537351211044,0.8379053921796509
265,0.2652652652652653,0.8381389690039318,0.8379891566681896
266,0.26626626626626626,0.8382632795827154,0.8380663142895933
267,0.26726726726726724,0.8383612131726713,0.8381378911114328
268,0.2682682682682683,0.838379926065815,0.8382072615323398
269,0.26926926926926925,0.8383000726804071,0.8382802094417413
270,0.2702702702702703,0.838220212214402,0.838356734770024
271,0.27127127127127126,0.8381403446656208,0.8384431783660662
272,0.27227227227227224,0.8381137127541981,0.8385304526995845
273,0.2732732732732733,0.8382117033934978,0.838611513636104
274,0.27427427427427425,0.8383096735448256,0.8386903076489095
275,0.2752752752752753,0.8383760807082992,0.8387633603358764
276,0.27627627627627627,0.8384373591461455,0.83883301092243
277,0.2772772772772773,0.8384986295693565,0.8388963815572088
278,0.2782782782782783,0.8385598919795048,0.8389596535674777
279,0.27927927927927926,0.8392923239337544,0.8390299178704996
280,0.2802802802802803,0.8393440498569796,0.8391036640528413
281,0.28128128128128127,0.839395770063916,0.8391783168520435
282,0.2822822822822823,0.8394474845555108,0.8392474924396621
283,0.2832832832832833,0.8394991933327116,0.8393100449175933
284,0.28428428428428426,0.8399057473172191,0.8393743336597718
285,0.2852852852852853,0.8403413115291395,0.8394427127226876
286,0.2862862862862863,0.8401789197289071,0.8395157662715139
287,0.2872872872872873,0.8403759809641789,0.8396016919354257
288,0.2882882882882883,0.8403856583883383,0.8396886550395872
289,0.28928928928928926,0.8404996712038122,0.8397760428628478
290,0.2902902902902903,0.8403295078924115,0.8398599626247027
291,0.2912912912912913,0.8401593026345309,0.8399353925402118
292,0.2922922922922923,0.8399890402429775,0.8400094094213099
293,0.2932932932932933,0.83990062651212,0.8400825303482807
294,0.29429429429429427,0.839982860424883,0.84016070314722
295,0.2952952952952953,0.840065079805956,0.8402409684944337
296,0.2962962962962963,0.8401636730064854,0.8403233264981813
297,0.2972972972972973,0.8402870832015321,0.8404077772667673
298,0.2982982982982983,0.8400512286131654,0.8404932769335948
299,0.29929929929929927,0.8400786366072711,0.8405773818886698
300,0.3003003003003003,0.8401367422233903,0.8406600925031523
301,0.3013013013013013,0.8401948405732849,0.8407420276285945
302,0.3023023023023023,0.8402529316583177,0.8408232877976839
303,0.3033033033033033,0.840424399278246,0.8408988831404481
304,0.30430430430430433,0.8408323654798253,0.8409718067760998
305,0.3053053053053053,0.8410612949949932,0.841030978386877
306,0.3063063063063063,0.8411588805243291,0.8410897451088944
307,0.3073073073073073,0.8409308852035261,0.8411481070132761
308,0.3083083083083083,0.8410134306926564,0.8412060641711321
309,0.30930930930930933,0.8410959614853651,0.8412636166535574
310,0.3103103103103103,0.8412077475209739,0.8413138066704419
311,0.3113113113113113,0.841349315625477,0.8413560653528535
312,0.3123123123123123,0.8416291509968528,0.8413998195019873
313,0.3133133133133133,0.8417709009695338,0.8414377953463509
314,0.31431431431431434,0.8418813853601693,0.8414736668641044
315,0.3153153153153153,0.8419336429757089,0.8415111278349182
316,0.3163163163163163,0.8419858946948923,0.8415558289524662
317,0.3173173173173173,0.8420381405187175,0.8416123957772202
318,0.3183183183183183,0.8420903804481827,0.8416721425064062
319,0.31931931931931934,0.8423667388117196,0.8417311841412292
320,0.3203203203203203,0.8423936053883063,0.8417873420220587
321,0.3213213213213213,0.842420470405525,0.8418525276011777
322,0.32232232232232233,0.842447333863511,0.8419209748104396
323,0.3233233233233233,0.8424741957624002,0.8419888271901765
324,0.32432432432432434,0.8425010561023283,0.8420586202339081
325,0.3253253253253253,0.8425279148834309,0.8421291018543716
326,0.3263263263263263,0.842554772105844,0.8421996699705013
327,0.32732732732732733,0.8425816277697028,0.8422703245578966
328,0.3283283283283283,0.8423539920503378,0.8423395720833388
329,0.32932932932932935,0.8422789973977423,0.8424020967210366
330,0.3303303303303303,0.8423100760833873,0.8424598305688186
331,0.3313313313313313,0.8423411526798655,0.842514478152707
332,0.33233233233233234,0.8423722271873878,0.8425686146262023
333,0.3333333333333333,0.8424032996061649,0.8426286237088223
334,0.33433433433433435,0.8424343699364071,0.8426917849002091
335,0.3353353353353353,0.8424654381783251,0.8427572745109847
336,0.3363363363363363,0.8424965043321296,0.8428199131371321
337,0.33733733733733734,0.8424103813347323,0.8428777059229248
338,0.3383383383383383,0.8423127490267249,0.8429279414907626
339,0.33933933933933935,0.8422151057937651,0.8429725577162208
340,0.34034034034034033,0.842410180715316,0.84301164167693
341,0.34134134134134136,0.8426092648873544,0.8430516608662959
342,0.34234234234234234,0.8430442106969958,0.843093483902376
343,0.3433433433433433,0.8430361234314538,0.8431360711621061
344,0.34434434434434436,0.8429117498880947,0.8431794224041977
345,0.34534534534534533,0.8428469123471957,0.8432234294351382
346,0.34634634634634637,0.8433895443410236,0.8432667310421055
347,0.34734734734734735,0.8436544806788425,0.8433092632518028
348,0.3483483483483483,0.8437475545681143,0.8433541963286029
349,0.34934934934934936,0.8436106738434754,0.8434007937462784
350,0.35035035035035034,0.8436731992509162,0.8434489668676179
351,0.35135135135135137,0.8437357161459944,0.8434981312493989
352,0.35235235235235235,0.8437982245304482,0.8435482866645995
353,0.3533533533533533,0.8437845554558623,0.8435994328862612
354,0.35435435435435436,0.8436131558008383,0.843661814760893
355,0.35535535535535534,0.8437767917167037,0.8437276422621677
356,0.3563563563563564,0.8438483217733052,0.8437949507733662
357,0.35735735735735735,0.8439198406725843,0.8438638459770694
358,0.35835835835835833,0.843991348417151,0.8439330238044324
359,0.35935935935935936,0.8442346514533834,0.8439997939706668
360,0.36036036036036034,0.8444359316349209,0.8440641563222616
361,0.3613613613613614,0.8444023174544929,0.8441261107056349
362,0.36236236236236236,0.8442967477009006,0.8441901609313947
363,0.36336336336336333,0.844191164956573,0.8442561742827868
364,0.36436436436436437,0.8440463284679063,0.8443223023378849
365,0.36536536536536535,0.8438746673563469,0.8443885451159924
366,0.3663663663663664,0.843974621633373,0.8444489948128202
367,0.36736736736736736,0.8441188695349717,0.8444993261062874
368,0.3683683683683684,0.8442100907649519,0.84454360192074
369,0.36936936936936937,0.8443012937948617,0.8445892780459522
370,0.37037037037037035,0.844611097389686,0.8446354815072981
371,0.3713713713713714,0.8446019873436336,0.8446851661634251
372,0.37237237237237236,0.8445896131000864,0.8447254486745099
373,0.3733733733733734,0.8447389207803101,0.844761773881159
374,0.3743743743743744,0.8448506640638525,0.8447975114630842
375,0.37537537537537535,0.8449578852906474,0.8448398558937067
376,0.3763763763763764,0.8450352983542608,0.8448856979119802
377,0.37737737737737737,0.8451126982810779,0.8449321372730594
378,0.3783783783783784,0.8451900850744428,0.8449783429203896
379,0.3793793793793794,0.8455354676565624,0.8450258084189073
380,0.38038038038038036,0.8456361999627493,0.8450776264143788
381,0.3813813813813814,0.8457428101545138,0.8451272274711907
382,0.38238238238238237,0.8458548080687321,0.8451802055954715
383,0.3833833833833834,0.8459002963829011,0.8452309615657866
384,0.3843843843843844,0.8458085780841212,0.8452794955601024
385,0.38538538538538536,0.845716849867741,0.8453224390025286
386,0.3863863863863864,0.8456251117303635,0.8453606158298421
387,0.38738738738738737,0.8457630658458778,0.845398631773074
388,0.3883883883883884,0.8457770622557272,0.8454378976850369
389,0.3893893893893894,0.8456852798367277,0.8454784137796659
390,0.39039039039039036,0.8455934874772459,0.845521713863839
391,0.3913913913913914,0.8454931152535317,0.8455723317793745
392,0.3923923923923924,0.8451761608541871,0.8456194857657812
393,0.3933933933933934,0.845302277234067,0.8456623071833193
394,0.3943943943943944,0.8453656058172837,0.8457018356333117
395,0.39539539539539537,0.8452681264167402,0.8457380713352476
396,0.3963963963963964,0.8453808298096767,0.8457650792905803
397,0.3973973973973974,0.8454439524063496,0.8457923727879153
398,0.3983983983983984,0.8455070662179445,0.845818730336103
399,0.3993993993993994,0.8455701712462954,0.8458409816169986
400,0.40040040040040037,0.8457702398052183,0.8458598631030362
401,0.4014014014014014,0.8460111421828678,0.8458754633776122
402,0.4024024024024024,0.8461041235610297,0.8458828645952222
403,0.4034034034034034,0.8461547125442922,0.8458930354341888
404,0.4044044044044044,0.8462052958802626,0.8459033460963084
405,0.40540540540540543,0.8462558735698864,0.845908541451227
406,0.4064064064064064,0.8463064456141092,0.8459143434325168
407,0.4074074074074074,0.8465502061116258,0.8459219229197423
408,0.4084084084084084,0.8465083951586535,0.8459286337066773
409,0.4094094094094094,0.8464665821272588,0.8459357797035228
410,0.41041041041041043,0.8464247670171196,0.8459460510364649
411,0.4114114114114114,0.8463829498279126,0.845960040532592
412,0.4124124124124124,0.8463411305593149,0.8459785888286928
413,0.4134134134134134,0.8462993092110037,0.8459960938901508
414,0.4144144144144144,0.846257485782656,0.8460149859467962
415,0.41541541541541543,0.8462546327607346,0.8460398089524293
416,0.4164164164164164,0.8464561810486603,0.8460701463036635
417,0.4174174174174174,0.8463794749401127,0.8461053752344995
418,0.4184184184184184,0.8463027618294132,0.8461488166425513
419,0.4194194194194194,0.8462260417145681,0.84619178241218
420,0.42042042042042044,0.8461493145935822,0.8462308403133687
421,0.4214214214214214,0.8459885031116565,0.8462684119091063
422,0.4224224224224224,0.8459939557077242,0.8462972696864443
423,0.42342342342342343,0.845933848057657,0.8463291510803613
424,0.4244244244244244,0.8458737361059911,0.8463647933532349
425,0.42542542542542544,0.8458136198517671,0.8464025552213802
426,0.4264264264264264,0.8457534992940251,0.8464365599383293
427,0.4274274274274274,0.8454127604523697,0.8464631194290265
428,0.42842842842842843,0.8456314110683776,0.846490485719044
429,0.4294294294294294,0.8457159288425339,0.8465197213684612
430,0.43043043043043044,0.8458004307574164,0.8465471809348027
431,0.4314314314314314,0.8459321010085239,0.8465668377722353
432,0.43243243243243246,0.8461293640030173,0.8465823013230467
433,0.43343343343343343,0.8461970582024146,0.8465946550007312
434,0.4344344344344344,0.8462647422220331,0.8466094979267246
435,0.43543543543543545,0.8463324160641682,0.8466333890057026
436,0.4364364364364364,0.8464303141702216,0.84666311615153
437,0.43743743743743746,0.8465710748315085,0.8466986824300294
438,0.43843843843843844,0.8466558239802346,0.846740090909761
439,0.4394394394394394,0.8467405571446367,0.8467836669957748
440,0.44044044044044045,0.8469512531240105,0.8468269265279218
441,0.44144144144144143,0.8471406923901881,0.8468691053002448
442,0.44244244244244246,0.8472897907261673,0.8469061953635655
443,0.44344344344344344,0.847391672664833,0.8469436526060669
444,0.4444444444444444,0.8474935314851311,0.8469814770846538
445,0.44544544544544545,0.8473575587779134,0.8470188235128151
446,0.44644644644644643,0.8471842777993485,0.8470553995883713
447,0.44744744744744747,0.8468525764539148,0.8470928537025433
448,0.44844844844844844,0.8470699034961175,0.8471311510322048
449,0.4494494494494494,0.8473248221345,0.8471723021196564
450,0.45045045045045046,0.8474960265217069,0.847216306727217
451,0.45145145145145144,0.8475044803696276,0.8472596499880447
452,0.45245245245245247,0.8473656762084248,0.8473018957112849
453,0.45345345345345345,0.8474998043519189,0.8473485458937542
454,0.4544544544544544,0.8476457306645679,0.8473956655755766
455,0.45545545545545546,0.8476057337636821,0.8474420198725187
456,0.45645645645645644,0.8472583722789442,0.8474875558502906
457,0.4574574574574575,0.8470950867054987,0.8475313485587318
458,0.45845845845845845,0.8471802436735304,0.8475721117848073
459,0.45945945945945943,0.847265384384321,0.8476123860123266
460,0.46046046046046046,0.8476850271551326,0.8476516021273934
461,0.46146146146146144,0.8479408514543181,0.8476860744117716
462,0.4624624624624625,0.8481968300313811,0.8477145850915919
463,0.46346346346346345,0.8484529630256189,0.8477359551307155
464,0.46446446446446443,0.8485216895977054,0.8477523271290315
465,0.46546546546546547,0.8484637219221558,0.8477647556170476
466,0.46646646646646645,0.8484057501492144,0.8477707704108479
467,0.4674674674674675,0.8483477742780118,0.8477663339222166
468,0.46846846846846846,0.8482897943076786,0.8477629036868178
469,0.4694694694694695,0.8482318102373455,0.8477591549865308
470,0.47047047047047047,0.8481307095508002,0.8477550879487222
471,0.47147147147147145,0.8480146944469572,0.8477533112588967
472,0.4724724724724725,0.8478986629344275,0.8477515042296293
473,0.47347347347347346,0.8479471195204561,0.8477550775239078
474,0.4744744744744745,0.848032553517687,0.8477560694989835
475,0.4754754754754755,0.8481179710915826,0.8477537427380821
476,0.47647647647647645,0.848024126153977,0.8477452602321087
477,0.4774774774774775,0.8479080311792786,0.8477249344433962
478,0.47847847847847846,0.8477919197583028,0.8477038958260472
479,0.4794794794794795,0.8480345148413192,0.8476714551859093
480,0.4804804804804805,0.8480799979865752,0.8476350072293893
481,0.48148148148148145,0.8481227656237941,0.8475981974277106
482,0.4824824824824825,0.8481655291390242,0.8475670524554182
483,0.48348348348348347,0.8482082885328613,0.8475379628988996
484,0.4844844844844845,0.848251043805901,0.847506057253737
485,0.4854854854854855,0.8482647640904414,0.8474759394118795
486,0.48648648648648646,0.8480905025674542,0.8474395347677829
487,0.4874874874874875,0.8478843588410617,0.8473991226496563
488,0.48848848848848847,0.847660946826813,0.8473546999140329
489,0.4894894894894895,0.8474907958943453,0.8473062634147355
490,0.4904904904904905,0.8473744100334629,0.8472574876691237
491,0.49149149149149146,0.8472580076078239,0.8472179586099156
492,0.4924924924924925,0.8469144314699883,0.8471749771880134
493,0.4934934934934935,0.8471148487208313,0.8471338039439692
494,0.4944944944944945,0.8472004889501954,0.8470947779196114
495,0.4954954954954955,0.8472861125568907,0.8470578990763088
496,0.4964964964964965,0.8472669475968153,0.8470240127189063
497,0.4974974974974975,0.8470921193067078,0.846998435444966
498,0.4984984984984985,0.8470348144621178,0.8469776622067001
499,0.4994994994994995,0.8471204942249778,0.8469520257429523
500,0.5005005005005005,0.84720615732853,0.8469331018962826
501,0.5015015015015015,0.8470634187170644,0.8469061573438205
502,0.5025025025025025,0.8464678651452906,0.8468776039899363
503,0.5035035035035035,0.8462927067236257,0.8468521002990891
504,0.5045045045045045,0.8458453317048847,0.8468239671979728
505,0.5055055055055055,0.8457868848820553,0.8467927665961886
506,0.5065065065065065,0.845728433878066,0.8467623630990969
507,0.5075075075075075,0.8456699786920265,0.846727104448949
508,0.5085085085085085,0.845611519323047,0.8466853770619552
509,0.5095095095095095,0.8455530557702375,0.846637645559371
510,0.5105105105105106,0.8457293744495946,0.8465870986420477
511,0.5115115115115115,0.8458283903062082,0.8465343053764894
512,0.5125125125125125,0.8458798334298617,0.8464829514334046
513,0.5135135135135135,0.8459312705145874,0.8464394243033716
514,0.5145145145145145,0.8459827015614483,0.8463979695776161
515,0.5155155155155156,0.8460341265715076,0.8463575425842085
516,0.5165165165165165,0.846447739902539,0.8463209677506814
517,0.5175175175175175,0.8462136976322067,0.846295308093618
518,0.5185185185185185,0.8462479388317541,0.8462789248902117
519,0.5195195195195195,0.8462994670654308,0.8462520391280126
520,0.5205205205205206,0.8463509892289108,0.8462220872835502
521,0.5215215215215215,0.8464025053232667,0.8461890695607346
522,0.5225225225225225,0.8467102534760048,0.8461550405152897
523,0.5235235235235235,0.8468392277828658,0.8461230522472861
524,0.5245245245245245,0.8466396598693251,0.8460930211243127
525,0.5255255255255256,0.8470674373375313,0.8460630038802285
526,0.5265265265265265,0.8467437989160146,0.8460330005022975
527,0.5275275275275275,0.846567905105879,0.8460050430681938
528,0.5285285285285285,0.8466073429460718,0.8459873753288005
529,0.5295295295295295,0.8463571316013738,0.8459717541196501
530,0.5305305305305306,0.8464432841503278,0.8459635168987383
531,0.5315315315315315,0.8465294196348967,0.8459550375006372
532,0.5325325325325325,0.8463245744662496,0.8459518040413229
533,0.5335335335335335,0.8460374324023455,0.8459479808226584
534,0.5345345345345345,0.845773981901062,0.8459435677351208
535,0.5355355355355356,0.8456731510224142,0.845938564669144
536,0.5365365365365365,0.8455723075469668,0.8459256272678937
537,0.5375375375375375,0.8454714514701331,0.8459104221709883
538,0.5385385385385385,0.8456644752093779,0.8458973460711936
539,0.5395395395395395,0.8455467558132836,0.845884957812949
540,0.5405405405405406,0.8454290192305562,0.8458732571729167
541,0.5415415415415415,0.8455090935235869,0.8458588926327513
542,0.5425425425425425,0.8459493650975841,0.8458329409044274
543,0.5435435435435435,0.8460788880962737,0.8458089079180058
544,0.5445445445445445,0.8457436748486736,0.8457818842436807
545,0.5455455455455456,0.845672944882612,0.8457515305775676
546,0.5465465465465466,0.8456022086932902,0.8457169529424635
547,0.5475475475475475,0.8455314662791233,0.8456778837997517
548,0.5485485485485485,0.8454607176385265,0.8456363179382179
549,0.5495495495495496,0.845503227190473,0.8455785081858945
550,0.5505505505505506,0.8455896147766835,0.845524793640866
551,0.5515515515515516,0.8456759850540553,0.8454639650728349
552,0.5525525525525525,0.8456375895777748,0.8454107559326888
553,0.5535535535535535,0.8455668104362275,0.8453622690732993
554,0.5545545545545546,0.8454960250569588,0.8453191207597784
555,0.5555555555555556,0.8454252334383806,0.8452820121644248
556,0.5565565565565566,0.8453544355789041,0.8452443477630188
557,0.5575575575575575,0.8455635274530355,0.8452061277364327
558,0.5585585585585585,0.8454749945401325,0.8451738738248201
559,0.5595595595595596,0.8453864518586304,0.8451498019833429
560,0.5605605605605606,0.8452978994054198,0.8451328294643194
561,0.5615615615615616,0.8450695669858291,0.8451143400145553
562,0.5625625625625625,0.8450529303640373,0.845096967137224
563,0.5635635635635635,0.8452129523403284,0.8450745763214572
564,0.5645645645645646,0.8452994693441129,0.8450414008967468
565,0.5655655655655656,0.8453859689198007,0.8450061428957885
566,0.5665665665665666,0.8453015350230737,0.8449696906383931
567,0.5675675675675675,0.8451242017580215,0.8449381425857821
568,0.5685685685685685,0.8449880153247082,0.8448944562165167
569,0.5695695695695696,0.8448697314411702,0.8448520011277754
570,0.5705705705705706,0.8447514300936634,0.8448058869194043
571,0.5715715715715716,0.8445875298386037,0.8447555309666224
572,0.5725725725725725,0.844409979044968,0.8446926779760582
573,0.5735735735735735,0.84459039453778,0.8446315650198761
574,0.5745745745745746,0.8438909304143696,0.8445700801934197
575,0.5755755755755756,0.8439002180728705,0.844506002548792
576,0.5765765765765766,0.843965180367937,0.8444384715332931
577,0.5775775775775776,0.8440301327685655,0.8443698692261197
578,0.5785785785785785,0.8440950752770161,0.8443045802371937
579,0.5795795795795796,0.8444067789565171,0.8442445890360512
580,0.5805805805805806,0.8444645932383329,0.8441824643796706
581,0.5815815815815816,0.844522399678628,0.8441209199061167
582,0.5825825825825826,0.8445801982789973,0.844063782657174
583,0.5835835835835835,0.844679624974012,0.8440042566150643
584,0.5845845845845846,0.8448097684870033,0.8439481772028866
585,0.5855855855855856,0.8449083834308613,0.8438941892442621
586,0.5865865865865866,0.8447301890844501,0.8438384113365157
587,0.5875875875875876,0.8446862908030729,0.843786248429874
588,0.5885885885885885,0.8443295198660253,0.8437505443680727
589,0.5895895895895896,0.8439725285491484,0.8436952067196958
590,0.5905905905905906,0.8437485977644027,0.8436352423374528
591,0.5915915915915916,0.8435699541033971,0.8435756413081134
592,0.5925925925925926,0.8439001428404264,0.8435197547475375
593,0.5935935935935935,0.8437213602650467,0.8434654113058744
594,0.5945945945945946,0.8439136785704631,0.8434155720650044
595,0.5955955955955956,0.8433918502217544,0.8433697700477426
596,0.5965965965965966,0.8431047912907311,0.8433276572182198
597,0.5975975975975976,0.8423967061745188,0.8432822927685303
598,0.5985985985985985,0.8424147055138358,0.843242988219317
599,0.5995995995995996,0.842324991489246,0.8432086315252267
600,0.6006006006006006,0.8422352673144593,0.8431934761633841
601,0.6016016016016016,0.8421455329862392,0.8431807214605255
602,0.6026026026026026,0.8421772673882151,0.8431710185461231
603,0.6036036036036035,0.8423078511425477,0.8431566508589993
604,0.6046046046046046,0.8425072591779612,0.8431364797134735
605,0.6056056056056056,0.8423276675815565,0.8431066490693869
606,0.6066066066066066,0.8422864652871301,0.8430719371628439
607,0.6076076076076076,0.8424404358828205,0.8430437892850536
608,0.6086086086086087,0.8425276993054311,0.8430127537393446
609,0.6096096096096096,0.8426149445190777,0.8429805613474849
610,0.6106106106106106,0.8426330659687818,0.8429403329078365
611,0.6116116116116116,0.8424532261103542,0.8428953251674234
612,0.6126126126126126,0.8424092587471019,0.8428509652259876
613,0.6136136136136137,0.843232023212174,0.8428052390180535
614,0.6146146146146146,0.842390732273107,0.8427458801481299
615,0.6156156156156156,0.8422412858497219,0.8426844712087143
616,0.6166166166166166,0.84234631642348,0.8426203065250836
617,0.6176176176176176,0.8424513204337121,0.8425583452863625
618,0.6186186186186187,0.8423526862332079,0.8424955572836502
619,0.6196196196196196,0.8424462140403364,0.8424419755787376
620,0.6206206206206206,0.8425338285608144,0.8423872189857762
621,0.6216216216216216,0.842603675787996,0.8423520506910479
622,0.6226226226226226,0.8422739429044412,0.8423277118612176
623,0.6236236236236237,0.8424054470350885,0.8423138217189095
624,0.6246246246246246,0.842838203139177,0.8422984327798639
625,0.6256256256256256,0.8431180069604047,0.84228595966128
626,0.6266266266266266,0.8432497282270716,0.8422764023938167
627,0.6276276276276276,0.8434703317334113,0.842269761008234
628,0.6286286286286287,0.8432973807252575,0.8422667373581926
629,0.6296296296296297,0.8430663468552088,0.8422671695825977
630,0.6306306306306306,0.8428854161081027,0.8422689055291185
631,0.6316316316316316,0.8426942860046294,0.8422632513903576
632,0.6326326326326326,0.8430868579113302,0.8422555347781845
633,0.6336336336336337,0.8429973854478259,0.8422399676858275
634,0.6346346346346347,0.8430378129891658,0.84222145431749
635,0.6356356356356356,0.84275811806494,0.8422001983198046
636,0.6366366366366366,0.8426129886697915,0.842158630089541
637,0.6376376376376376,0.8424678320712248,0.8421145035085134
638,0.6386386386386387,0.8423542541984351,0.842081558417544
639,0.6396396396396397,0.8413022174999308,0.8420303776234016
640,0.6406406406406406,0.8408406726389479,0.8419983083642666
641,0.6416416416416416,0.8404761988992362,0.841971926602403
642,0.6426426426426426,0.8404099309286225,0.8419469747760093
643,0.6436436436436437,0.8406979547020993,0.8419275885433186
644,0.6446446446446447,0.8409886933144981,0.8419122324720258
645,0.6456456456456456,0.8411210923294271,0.8418998303684636
646,0.6466466466466466,0.8415982671906126,0.8418812941415131
647,0.6476476476476476,0.8418635109693862,0.8418640116565478
648,0.6486486486486487,0.841688308916809,0.8418607647281375
649,0.6496496496496497,0.8416298696225117,0.8418570406130549
650,0.6506506506506506,0.8416888624414652,0.8418469318446756
651,0.6516516516516516,0.8417478466738418,0.8418289739361215
652,0.6526526526526526,0.8418068223215162,0.8418055436975124
653,0.6536536536536537,0.8420230612361019,0.8417658682932683
654,0.6546546546546547,0.8423298945872109,0.8417235071424662
655,0.6556556556556556,0.8425957924505184,0.8416809601257341
656,0.6566566566566566,0.8420393065047553,0.8416437123360283
657,0.6576576576576576,0.8418929180662968,0.8416119633662327
658,0.6586586586586587,0.8416465141726116,0.841565743078102
659,0.6596596596596597,0.8415835175202171,0.8415040670546176
660,0.6606606606606606,0.8415308886371251,0.841444955047861
661,0.6616616616616616,0.8405130862253378,0.8413928296059895
662,0.6626626626626626,0.840202770477944,0.8413450518975342
663,0.6636636636636637,0.8407290591076647,0.8413002782724336
664,0.6646646646646647,0.840621802710913,0.8412528906704811
665,0.6656656656656657,0.8407552000572183,0.8412217623255169
666,0.6666666666666666,0.8408958159946849,0.8411954114558012
667,0.6676676676676676,0.8410737732774023,0.8411783120253522
668,0.6686686686686687,0.8414626225664908,0.8411656725546297
669,0.6696696696696697,0.8415695265972704,0.8411339495250051
670,0.6706706706706707,0.8418137067586616,0.8410793306762658
671,0.6716716716716716,0.841588480986336,0.8410140504573553
672,0.6726726726726726,0.8417222690547668,0.8409372458278653
673,0.6736736736736737,0.842108349555521,0.8408502310497529
674,0.6746746746746747,0.8422155171658706,0.8407595147690547
675,0.6756756756756757,0.842322655951841,0.8406777376348356
676,0.6766766766766766,0.8422021536241471,0.8405974407341527
677,0.6776776776776777,0.8420547860580018,0.8405120034192918
678,0.6786786786786787,0.8414468861169563,0.8404281671293171
679,0.6796796796796797,0.8411369620343553,0.8403371605981714
680,0.6806806806806807,0.840896449001871,0.840232585734428
681,0.6816816816816816,0.8409857788331049,0.84011723309927
682,0.6826826826826827,0.8410750885450571,0.8400163141313868
683,0.6836836836836837,0.840729623216657,0.8399167496813303
684,0.6846846846846847,0.8398519082501238,0.8398183433631787
685,0.6856856856856857,0.8400231006445834,0.8397217364202706
686,0.6866866866866866,0.8400997205294962,0.8396205590575643
687,0.6876876876876877,0.8401763255385667,0.8395385088650873
688,0.6886886886886887,0.8401843771910936,0.8394595989806527
689,0.6896896896896897,0.8399374864988655,0.8393674248025852
690,0.6906906906906907,0.839714671906753,0.8392772871750738
691,0.6916916916916916,0.8394967782834409,0.8391669519677444
692,0.6926926926926927,0.8396041279463405,0.8390627161605894
693,0.6936936936936937,0.839765317921772,0.8389483098021031
694,0.6946946946946947,0.8390800801912431,0.838819230089085
695,0.6956956956956957,0.8382031320287959,0.8386866867557945
696,0.6966966966966966,0.8377918011649881,0.838551476735814
697,0.6976976976976977,0.8376812310866276,0.8384216797184723
698,0.6986986986986987,0.8374257572856509,0.8382860906159356
699,0.6996996996996997,0.837061778601205,0.838147237978924
700,0.7007007007007007,0.8374592357773318,0.838001620237335
701,0.7017017017017017,0.8375937205066397,0.8378509367686827
702,0.7027027027027027,0.8373905436159321,0.8376996505171389
703,0.7037037037037037,0.8375311715328135,0.8375402768897156
704,0.7047047047047047,0.8373817281476738,0.8373891090862743
705,0.7057057057057057,0.8369965765362984,0.83723997920008
706,0.7067067067067067,0.8367128080574573,0.8370906100207133
707,0.7077077077077077,0.8368924391427147,0.836934103924688
708,0.7087087087087087,0.8368151311134155,0.8367586385718102
709,0.7097097097097097,0.836627791946877,0.8365865332919986
710,0.7107107107107107,0.8366565634318983,0.8364190614436445
711,0.7117117117117117,0.8363708431391101,0.8362401658886777
712,0.7127127127127127,0.8363285264090026,0.8360563122851513
713,0.7137137137137137,0.8361783663717792,0.8358630619833186
714,0.7147147147147147,0.8360281760262257,0.8356219107007191
715,0.7157157157157157,0.8360247837078398,0.8353845302722622
716,0.7167167167167167,0.8351281044834232,0.8351313880091431
717,0.7177177177177178,0.835579789829777,0.8348640345418689
718,0.7187187187187187,0.8352390489945934,0.8345998870293847
719,0.7197197197197197,0.8348795572025699,0.8343294564908579
720,0.7207207207207207,0.8348098165994549,0.8340733906442334
721,0.7217217217217217,0.8349179957396515,0.8338259768008094
722,0.7227227227227228,0.8349688331019101,0.8335832091893718
723,0.7237237237237237,0.834807224825399,0.8333461543205288
724,0.7247247247247247,0.8350268650679298,0.833111558656483
725,0.7257257257257257,0.8347890123448338,0.8328812468214902
726,0.7267267267267267,0.8346377990505681,0.832625987066826
727,0.7277277277277278,0.8344865547954161,0.832369289661918
728,0.7287287287287287,0.8339267310594072,0.8320913455765668
729,0.7297297297297297,0.833737328141455,0.8318055677219387
730,0.7307307307307307,0.8335313378384476,0.8315038734584084
731,0.7317317317317317,0.833278620854169,0.8312059162940185
732,0.7327327327327328,0.8330039679358211,0.8309113853046005
733,0.7337337337337337,0.8321263555482838,0.8306088186755565
734,0.7347347347347347,0.8319522539462572,0.8303071511815417
735,0.7357357357357357,0.831310843984074,0.8300043521440104
736,0.7367367367367368,0.830899427341272,0.8297032834087489
737,0.7377377377377378,0.8307231867496541,0.8294137062891099
738,0.7387387387387387,0.83032056014509,0.8291285183737309
739,0.7397397397397397,0.8278856617785206,0.828824364295918
740,0.7407407407407407,0.8278310846475673,0.8285222708078621
741,0.7417417417417418,0.8268044164876774,0.8282238057706629
742,0.7427427427427428,0.8258617514524526,0.8279335688512072
743,0.7437437437437437,0.8261326048096505,0.8276306305384145
744,0.7447447447447447,0.8259733604569063,0.8273296107936133
745,0.7457457457457457,0.8260207220133895,0.827030479815432
746,0.7467467467467468,0.8255850260141733,0.8267392721849578
747,0.7477477477477478,0.8254106529816689,0.8264145036837409
748,0.7487487487487487,0.8255914327756423,0.8260784114172487
749,0.7497497497497497,0.8254613784193134,0.8257252451861472
750,0.7507507507507507,0.8253158750165666,0.8253671218949563
751,0.7517517517517518,0.8244409882894643,0.8250130310522661
752,0.7527527527527528,0.8245021528563321,0.8246785312868945
753,0.7537537537537538,0.8232153952630238,0.8243505740140594
754,0.7547547547547547,0.8229565009467746,0.8240366474923142
755,0.7557557557557557,0.8219953207076224,0.8237237611722424
756,0.7567567567567568,0.821800761152422,0.8234104820625047
757,0.7577577577577578,0.8216917275971399,0.8230966039865795
758,0.7587587587587588,0.821461541061473,0.8227829208854242
759,0.7597597597597597,0.8214300889186592,0.8224883720012441
760,0.7607607607607607,0.8211850410327738,0.8221948352004773
761,0.7617617617617618,0.8213020579335583,0.8219106413957723
762,0.7627627627627628,0.8216024100375269,0.8216267006366091
763,0.7637637637637638,0.8217839427246738,0.821325122450512
764,0.7647647647647647,0.820666508403323,0.8210262142890297
765,0.7657657657657657,0.8206214081353733,0.8207595686859552
766,0.7667667667667668,0.8208030668106795,0.8204843718274021
767,0.7677677677677678,0.8203260215911801,0.8202107462585192
768,0.7687687687687688,0.8201299358773542,0.8199503548098511
769,0.7697697697697697,0.8198870420097356,0.8196473788881465
770,0.7707707707707707,0.8196238773153216,0.8193347916001688
771,0.7717717717717718,0.8199582274452719,0.8190031289756584
772,0.7727727727727728,0.8183548021775859,0.8186720800448778
773,0.7737737737737738,0.8178281275108094,0.8183303798525952
774,0.7747747747747747,0.816795747039224,0.8179730738031746
775,0.7757757757757757,0.8167625772171828,0.8175987072107423
776,0.7767767767767768,0.8167303793676349,0.8172198103817171
777,0.7777777777777778,0.817578311016617,0.8168469694930887
778,0.7787787787787788,0.817760733880828,0.8164642006319729
779,0.7797797797797797,0.817916478450404,0.8160929552953817
780,0.7807807807807807,0.8177801258177982,0.8157018882306816
781,0.7817817817817818,0.8175541032418228,0.8153203552659634
782,0.7827827827827828,0.817270838981979,0.8149386181953177
783,0.7837837837837838,0.8170061297769033,0.8145150712075478
784,0.7847847847847848,0.8171043624551036,0.8140857610587215
785,0.7857857857857857,0.816981877107149,0.813632371353746
786,0.7867867867867868,0.8168169599441172,0.813189102837281
787,0.7877877877877878,0.8164184486239522,0.8127381363285873
788,0.7887887887887888,0.8153426992587012,0.8122590306748015
789,0.7897897897897898,0.8150762439094853,0.8117705064106787
790,0.7907907907907907,0.8142867360217211,0.8113040633338692
791,0.7917917917917918,0.8137960448613633,0.810830361675323
792,0.7927927927927928,0.8128495124746431,0.8103554727208909
793,0.7937937937937938,0.8125817875703789,0.8098541255974719
794,0.7947947947947948,0.8106808328027166,0.8093402560609655
795,0.7957957957957957,0.8100314087700462,0.8088362287715603
796,0.7967967967967968,0.809105928163358,0.8083318999829603
797,0.7977977977977978,0.808701530544369,0.807798711336465
798,0.7987987987987988,0.8079839431752557,0.8072916457409326
799,0.7997997997997998,0.8073688242551886,0.806797604528685
800,0.8008008008008007,0.8063686822052689,0.8062903409211292
801,0.8018018018018018,0.8059921367362778,0.8057672284136105
802,0.8028028028028028,0.8054261029694181,0.8052269947518992
803,0.8038038038038038,0.8049809409394305,0.8046196218984181
804,0.8048048048048048,0.8042818830968728,0.803972922857891
805,0.8058058058058059,0.8030120806470669,0.8032791071261642
806,0.8068068068068068,0.8025371395069929,0.802560084506285
807,0.8078078078078078,0.8023321705494895,0.8018272176311143
808,0.8088088088088088,0.8000908312208843,0.8010946657872434
809,0.8098098098098098,0.7995667234713248,0.8003291087242678
810,0.8108108108108109,0.7983072139649074,0.7995389024978485
811,0.8118118118118118,0.7985783466930598,0.7987204187483526
812,0.8128128128128128,0.7983027659901824,0.7978388047320556
813,0.8138138138138138,0.7971680216944538,0.7969652936329451
814,0.8148148148148148,0.7968692052544016,0.79608738174376
815,0.8158158158158159,0.7968779114860403,0.7951828496735455
816,0.8168168168168168,0.7964626235495132,0.7942428766518731
817,0.8178178178178178,0.796583730134656,0.7932750911076725
818,0.8188188188188188,0.7947573182968141,0.7922745405911475
819,0.8198198198198198,0.7939225895155254,0.7912447600770434
820,0.8208208208208209,0.7941816502500659,0.7902018154118875
821,0.8218218218218218,0.7939031090967182,0.7891356284517257
822,0.8228228228228228,0.7927656064740068,0.7880493604113965
823,0.8238238238238238,0.7924944568054397,0.7868580370378591
824,0.8248248248248248,0.7926320256861776,0.7856280486785175
825,0.8258258258258259,0.7909253030538744,0.7843973883015743
826,0.8268268268268268,0.790083839333736,0.783156038731957
827,0.8278278278278278,0.7891784626203554,0.781861586568779
828,0.8288288288288288,0.7866022954890772,0.7805653043107564
829,0.8298298298298298,0.7847790828139536,0.7792449477406046
830,0.8308308308308309,0.7825318761323451,0.7778724896788631
831,0.8318318318318318,0.7811099722039531,0.7764586910266276
832,0.8328328328328328,0.780177892608117,0.77500843698948
833,0.8338338338338338,0.7799106949445607,0.7734983380440306
834,0.8348348348348348,0.7779627195651477,0.7719222688654698
835,0.8358358358358359,0.7768038449077225,0.7702322188241246
836,0.8368368368368369,0.7752392058828538,0.768497238711282
837,0.8378378378378378,0.7718546451129734,0.7667064610445566
838,0.8388388388388388,0.7718693825693166,0.7648584935938795
839,0.8398398398398398,0.7705691929102622,0.7629779145290498
840,0.8408408408408409,0.7689451083285372,0.7610413515700721
841,0.8418418418418419,0.7663481119164298,0.759076199124325
842,0.8428428428428428,0.7644389821071386,0.7570516498009457
843,0.8438438438438438,0.7618214361318704,0.7549232229614575
844,0.8448448448448448,0.7600629813510658,0.7527963897661215
845,0.8458458458458459,0.7574906548797715,0.7506175839928406
846,0.8468468468468469,0.7556558738017951,0.7483597748550055
847,0.8478478478478478,0.7537062581065661,0.7459535068728138
848,0.8488488488488488,0.7479440384939573,0.743468981612812
849,0.8498498498498498,0.74525453684883,0.7409388239416255
850,0.8508508508508509,0.7446051450310843,0.7383090091039304
851,0.8518518518518519,0.7430598541547856,0.7356248416879835
852,0.8528528528528528,0.7399750764142046,0.7328788146836073
853,0.8538538538538538,0.7393157078102652,0.730051061722223
854,0.8548548548548548,0.7376427558616852,0.7271728530423772
855,0.8558558558558559,0.734286521948061,0.7241856999250763
856,0.8568568568568569,0.7309083493830552,0.721133110114478
857,0.8578578578578578,0.7285741836124684,0.7179827795591642
858,0.8588588588588588,0.7253171243315697,0.7147737598642983
859,0.8598598598598598,0.7197113031142851,0.7114409071180707
860,0.8608608608608609,0.7133741713627176,0.7080728108873153
861,0.8618618618618619,0.7098232282099329,0.7044569143524132
862,0.8628628628628628,0.7072486856900735,0.70073214956609
863,0.8638638638638638,0.7040564260056478,0.6968742333395526
864,0.8648648648648649,0.7012584893881366,0.6928639484030698
865,0.8658658658658659,0.6981044943465393,0.6887106841562084
866,0.8668668668668669,0.6966551367529297,0.6844459774836408
867,0.8678678678678678,0.693210608057176,0.6801632994312357
868,0.8688688688688688,0.6880339613207586,0.6757100997724289
869,0.8698698698698699,0.6862888253346826,0.6711957296709704
870,0.8708708708708709,0.6828034950781964,0.6665528561048808
871,0.8718718718718719,0.6790333842204819,0.6617223451874297
872,0.8728728728728729,0.6711834420049358,0.6567587211369644
873,0.8738738738738738,0.6660548182139157,0.6517925786001902
874,0.8748748748748749,0.663456415574923,0.6467021805285373
875,0.8758758758758759,0.6585114689637287,0.6414122471316568
876,0.8768768768768769,0.6540327648405836,0.6360433203645057
877,0.8778778778778779,0.6500364621105493,0.6303167213638136
878,0.8788788788788788,0.6449630615897541,0.6245796898300332
879,0.8798798798798799,0.6398136528169392,0.6187152954747922
880,0.8808808808808809,0.6324342738316064,0.6127438926981683
881,0.8818818818818819,0.6268497957918339,0.6067009639190964
882,0.8828828828828829,0.6204431138829498,0.6004598484372553
883,0.8838838838838838,0.6165178881699561,0.5940442979116775
884,0.8848848848848849,0.6099352048869594,0.5873847421335457
885,0.8858858858858859,0.606189811796621,0.5807135055703837
886,0.8868868868868869,0.592393121627716,0.574019111789602
887,0.8878878878878879,0.5852762017803659,0.567192855652456
888,0.8888888888888888,0.575100917559563,0.5602253840889739
889,0.8898898898898899,0.567344850808692,0.5530940832434643
890,0.8908908908908909,0.5587527163203369,0.5458569910585421
891,0.8918918918918919,0.5514450680275903,0.5385027182964975
892,0.8928928928928929,0.5479315312437719,0.5309421264158483
893,0.8938938938938938,0.5373257995079891,0.5233469590322902
894,0.8948948948948949,0.5315885609574854,0.5155793185277601
895,0.8958958958958959,0.5232764294805028,0.507584852714931
896,0.8968968968968969,0.5111345980897646,0.4995350386496485
897,0.8978978978978979,0.5025110472280679,0.4913483088458857
898,0.8988988988988988,0.50043298873108,0.4831198253084143
899,0.8998998998998999,0.48833373683966147,0.47479122180187217
900,0.9009009009009009,0.47546793360791206,0.4664026932137194
901,0.9019019019019019,0.4707898799063801,0.45781350440766366
902,0.9029029029029029,0.4510033051194866,0.44912315155806765
903,0.9039039039039038,0.44738646819140593,0.44031262276355526
904,0.9049049049049049,0.44023159569297704,0.43143935594725225
905,0.9059059059059059,0.4331012142538691,0.4226274066410468
906,0.9069069069069069,0.4260971542153999,0.41378404282487674
907,0.9079079079079079,0.41261145980914943,0.40497271240473476
908,0.9089089089089089,0.4013811068079955,0.3961082541862311
909,0.9099099099099099,0.3856797796468528,0.38724018749787514
910,0.9109109109109109,0.3794782383930178,0.3784402747852215
911,0.9119119119119119,0.3719600885428522,0.3695923520905992
912,0.9129129129129129,0.3616841652154873,0.36085369019070657
913,0.9139139139139139,0.35190763595248664,0.35196661937308665
914,0.914914914914915,0.3403600828846597,0.34296550675017834
915,0.9159159159159159,0.33216678795710514,0.3338615227890815
916,0.9169169169169169,0.3230365834822654,0.32468910571147647
917,0.9179179179179179,0.31106495083981045,0.3153104472934553
918,0.9189189189189189,0.30585707149571834,0.3057116371893826
919,0.91991991991992,0.29188429558972806,0.29611772290640936
920,0.9209209209209209,0.27857106888040706,0.2863167290333995
921,0.9219219219219219,0.27226297774878194,0.27652035889712834
922,0.9229229229229229,0.26151016422857987,0.26686414789878216
923,0.9239239239239239,0.25153078159389824,0.25721248222704196
924,0.924924924924925,0.24129603938026378,0.2475475496565899
925,0.9259259259259259,0.23564145757913071,0.23801321448954968
926,0.9269269269269269,0.22046283985488427,0.22869031383057103
927,0.9279279279279279,0.21082476951118811,0.21945913971475967
928,0.9289289289289289,0.20069949359042116,0.21061593765359327
929,0.92992992992993,0.19242645395829847,0.2018436539635657
930,0.9309309309309309,0.19040423820046043,0.1932116618911544
931,0.9319319319319319,0.18142271920693284,0.1847194812195099
932,0.9329329329329329,0.1774719443645944,0.17636463505842365
933,0.933933933933934,0.1683557447392611,0.16827421427785205
934,0.934934934934935,0.16424648706380324,0.16040399649730314
935,0.9359359359359359,0.1611396565416242,0.15284164787677662
936,0.9369369369369369,0.15494575437088212,0.14540089810436452
937,0.9379379379379379,0.1467213647331902,0.1381075630348968
938,0.938938938938939,0.1320355900817487,0.13101571665812253
939,0.93993993993994,0.11604417379124206,0.12411556693356399
940,0.9409409409409409,0.10304166879275224,0.1174418398181785
941,0.9419419419419419,0.09095944536248078,0.11092876554450977
942,0.9429429429429429,0.07313348870851093,0.10459471488799477
943,0.943943943943944,0.05839221593606458,0.09849540212642986
944,0.944944944944945,0.048036171076353766,0.09249820464612166
945,0.9459459459459459,0.03173787343398651,0.08677498316397012
946,0.9469469469469469,0.023661552530671554,0.08131280534278568
947,0.9479479479479479,0.0186678371741109,0.07597431558300563
948,0.948948948948949,0.010276097969315934,0.07084666530401387
949,0.94994994994995,0.0075214276380247995,0.06591468919432959
950,0.950950950950951,0.002082643320611442,0.061183394304520494
951,0.9519519519519519,0.0,0.0565629735676748
952,0.9529529529529529,0.0,0.052240172786206476
953,0.953953953953954,0.0,0.048106353776183185
954,0.954954954954955,0.0,0.04417106958813571
955,0.955955955955956,0.0,0.04039800186346319
956,0.9569569569569569,0.0,0.03666458542816005
957,0.9579579579579579,0.0,0.03310727720841626
958,0.958958958958959,0.0,0.02962743516205167
959,0.95995995995996,0.0,0.02632634212794851
960,0.960960960960961,0.0,0.023105822773756286
961,0.9619619619619619,0.0,0.01994622166509699
962,0.9629629629629629,0.0,0.016908069618609106
963,0.963963963963964,0.0,0.01403118011403675
964,0.964964964964965,0.0,0.01144224697517893
965,0.965965965965966,0.0,0.009166871018487911
966,0.9669669669669669,0.0,0.00714644614019865
967,0.9679679679679679,0.0,0.005362927603679419
968,0.968968968968969,0.0,0.003928937629002735
969,0.96996996996997,0.0,0.0027839922184916648
970,0.970970970970971,0.0,0.0018421065111121793
971,0.9719719719719719,0.0,0.0012197952673085222
972,0.9729729729729729,0.0,0.0007558432569031975
973,0.973973973973974,0.0,0.0003898072338814152
974,0.974974974974975,0.0,0.00018831511683600473
975,0.975975975975976,0.0,4.083614354140082e-05
976,0.9769769769769769,0.0,0.0
977,0.9779779779779779,0.0,0.0
978,0.978978978978979,0.0,0.0
979,0.97997997997998,0.0,0.0
980,0.980980980980981,0.0,0.0
981,0.9819819819819819,0.0,0.0
982,0.9829829829829829,0.0,0.0
983,0.983983983983984,0.0,0.0
984,0.984984984984985,0.0,0.0
985,0.985985985985986,0.0,0.0
986,0.986986986986987,0.0,0.0
987,0.9879879879879879,0.0,0.0
988,0.988988988988989,0.0,0.0
989,0.98998998998999,0.0,0.0
990,0.990990990990991,0.0,0.0
991,0.991991991991992,0.0,0.0
992,0.992992992992993,0.0,0.0
993,0.993993993993994,0.0,0.0
994,0.994994994994995,0.0,0.0
995,0.995995995995996,0.0,0.0
996,0.996996996996997,0.0,0.0
997,0.997997997997998,0.0,0.0
998,0.998998998998999,0.0,0.0
999,1.0,0.0,0.0
